Канал,Username,Имя,Премиум,ID,Время
https://t.me/vseznayka_chat,@omues,Ахма,Да,5846008969,2026-02-19 20:35:04
https://t.me/vseznayka_chat,@AysarovAlan,Alan,Да,7539539102,2026-02-19 20:35:04
https://t.me/vseznayka_chat,@Vlezky,くそ > >,Да,6485324259,2026-02-19 20:35:10
https://t.me/piarchatzaiii,@CrystalFlux1,CrystalFlux,Да,8200199055,2026-02-19 20:38:02
https://t.me/piarchatzaiii,@dbdprojec,CantralAdmin,Да,8530376264,2026-02-19 20:39:23
https://t.me/piarchatzaiii,@ibvrbvui,///OJL///,Да,8444219049,2026-02-19 20:39:42
https://t.me/piarchatzaiii,@NataliyaDavydova_Qx,Ваня Давыдов,Нет,8558431462,2026-02-19 20:40:45
https://t.me/vseznayka_chat,@Vladislav_nftt,Vladislav,Да,8487088239,2026-02-19 20:40:54
https://t.me/vseznayka_chat,@mark86666,member,Да,8099358976,2026-02-19 20:40:54
https://t.me/piarchatzaiii,@elongandon,oneLove,Да,8547043173,2026-02-19 20:41:11
https://t.me/piarchatzaiii,@fayuee,Faer,Да,8536716819,2026-02-19 20:41:57
https://t.me/piarchatzaiii,@fihf9re,CUM,Нет,8503424770,2026-02-19 20:43:30
https://t.me/piarchatzaiii,@mooonsxc,Леонид,Да,8273593642,2026-02-19 20:43:45
https://t.me/piarchatzaiii,@Hhdnjnjl,..,Да,8530718787,2026-02-19 20:45:25
https://t.me/piarchatzaiii,@RomanNazarov935,Дмитрий Назаров,Да,8201086092,2026-02-19 20:46:57
https://t.me/piarchatzaiii,@DemonBlyaa,Кузнец,Да,7859784244,2026-02-19 20:48:02
https://t.me/piarchatzaiii,@vvvikror2112,Виктор,Да,7638978520,2026-02-19 20:49:20
https://t.me/piarchatzaiii,@Sun_Bojiy,ᑌᑌᙅᎽᙅ ⵋᖘᑌᙅᙢᗝᙅ,Да,8292682696,2026-02-19 20:50:51
https://t.me/piarchatzaiii,@PashaVorobev09,Паша Воробьев,Да,7361168276,2026-02-19 20:51:19
https://t.me/piarchatzaiii,@AndrejGorbunov91,Андрей,Да,8454726662,2026-02-19 20:53:27
https://t.me/vseznayka_chat,@twitrek,woxxtyy,Да,1113512398,2026-02-19 20:55:54
https://t.me/piarchatzaiii,@kkdkeeew,Женя Кент,Нет,8598011004,2026-02-19 20:58:08
https://t.me/piarchatzaiii,@Alencxcc,Alen,Нет,8577717578,2026-02-19 20:59:46
https://t.me/vseznayka_chat,@orgazmfrika,Altim,Нет,40600043,2026-02-19 21:01:31
https://t.me/vseznayka_chat,@Bracho36,Бразил,Нет,855699984,2026-02-19 21:01:31
https://t.me/piarchatzaiii,@mne_dopizdy,✝️,Нет,8080373632,2026-02-19 21:01:33
https://t.me/piarchatzaiii,@pz705,𝕴𝖅𝕻𝕰𝖅𝕬𝕹𝖄𝖄,Да,8148062628,2026-02-19 21:44:09
